[{"date": "2021-01-04", "close": 67.01}, {"date": "2021-01-05", "close": 67.1}, {"date": "2021-01-06", "close": 71.89}, {"date": "2021-01-07", "close": 71.69}, {"date": "2021-01-08", "close": 71.89}, {"date": "2021-01-11", "close": 72.14}, {"date": "2021-01-12", "close": 74.71}, {"date": "2021-01-13", "close": 71.96}, {"date": "2021-01-14", "close": 71.86}, {"date": "2021-01-15", "close": 71.89}, {"date": "2021-01-19", "close": 73.97}, {"date": "2021-01-20", "close": 72}, {"date": "2021-01-21", "close": 71.78}, {"date": "2021-01-22", "close": 74.21}, {"date": "2021-01-25", "close": 75.9}, {"date": "2021-01-26", "close": 76.01}, {"date": "2021-01-27", "close": 76.81}, {"date": "2021-01-28", "close": 77.55}, {"date": "2021-01-29", "close": 75}, {"date": "2021-02-01", "close": 78.39}, {"date": "2021-02-02", "close": 78.99}, {"date": "2021-02-03", "close": 79.18}, {"date": "2021-02-04", "close": 80.63}, {"date": "2021-02-05", "close": 78.02}, {"date": "2021-02-08", "close": 81.49}, {"date": "2021-02-09", "close": 82.7}, {"date": "2021-02-10", "close": 80.09}, {"date": "2021-02-11", "close": 79.82}, {"date": "2021-02-12", "close": 81.71}, {"date": "2021-02-16", "close": 80.12}, {"date": "2021-02-17", "close": 77.82}, {"date": "2021-02-18", "close": 76.71}, {"date": "2021-02-19", "close": 81}, {"date": "2021-02-22", "close": 78}, {"date": "2021-02-23", "close": 77.89}, {"date": "2021-02-24", "close": 81.52}, {"date": "2021-02-25", "close": 77.2}, {"date": "2021-02-26", "close": 77.5}, {"date": "2021-03-01", "close": 78.91}, {"date": "2021-03-02", "close": 76.73}, {"date": "2021-03-03", "close": 75.64}, {"date": "2021-03-04", "close": 74.54}, {"date": "2021-03-05", "close": 76.3}, {"date": "2021-03-08", "close": 74.48}, {"date": "2021-03-09", "close": 76.9}, {"date": "2021-03-10", "close": 75.92}, {"date": "2021-03-11", "close": 76.47}, {"date": "2021-03-12", "close": 78.4}, {"date": "2021-03-15", "close": 76}, {"date": "2021-03-16", "close": 76.12}, {"date": "2021-03-17", "close": 73.12}, {"date": "2021-03-18", "close": 75.2}, {"date": "2021-03-19", "close": 73.43}, {"date": "2021-03-22", "close": 73.96}, {"date": "2021-03-23", "close": 73.55}, {"date": "2021-03-24", "close": 69.49}, {"date": "2021-03-25", "close": 74.28}, {"date": "2021-03-26", "close": 74.59}, {"date": "2021-03-29", "close": 71.48}, {"date": "2021-03-30", "close": 73.81}, {"date": "2021-03-31", "close": 71.46}, {"date": "2021-04-01", "close": 72.37}, {"date": "2021-04-05", "close": 71.62}, {"date": "2021-04-06", "close": 71.52}, {"date": "2021-04-07", "close": 70.94}, {"date": "2021-04-08", "close": 70.6}, {"date": "2021-04-09", "close": 71.15}]