[{"Stock": "FB", "Quantity": 200, "Price": 300, "GainOrLoss": "-10%", "price": 520}, {"Stock": "AAPL", "Quantity": 400, "Price": 504, "GainOrLoss": "-82%", "price": 520}, {"Stock": "AMZN", "Quantity": "100", "Price": 120, "GainOrLoss": "36%"}, {"Stock": "NFLX", "Quantity": "100", "Price": 550, "GainOrLoss": "36%"}, {"Stock": "GOOGL", "Quantity": "100", "Price": 360, "GainOrLoss": "36%"}, {"Stock": "AA", "Quantity": 100, "Price": 750, "GainOrLoss": "-95%"}, {"Stock": "ESBA", "Quantity": 200, "Price": 150, "GainOrLoss": "-92%"}, {"Stock": "AACQ", "Quantity": 200, "Price": 350, "GainOrLoss": "-97%"}, {"Stock": "A", "Quantity": 100, "Price": 320, "GainOrLoss": "-58%"}, {"Stock": "AAC", "Quantity": 200, "Price": 150, "GainOrLoss": "-93%"}, {"Stock": "DKS", "Quantity": 100, "Price": 300, "GainOrLoss": "-72%"}]